{"addresses":[{"address1":"203 East Gwinnett Street","address2":"","city":"Savannah","state":"GA","postalCode":"31401","coordinates":{"lat":32.06637,"lng":-81.093895}},{"address1":"2902 Flint Street","address2":"","city":"Union City","state":"CA","postalCode":"94587","coordinates":{"lat":37.60442,"lng":-122.069607}},{"address1":"2755 Country Drive","address2":"#244","city":"Fremont","state":"CA","postalCode":"94536","coordinates":{"lat":37.557882,"lng":-121.986823}},{"address1":"4409 Star Jasmine Court","address2":"","city":"Bakersfield","state":"CA","postalCode":"93304","coordinates":{"lat":35.314966,"lng":-119.027406}},{"address1":"270 Tampa Drive","address2":"#M-1","city":"Nashville","state":"TN","postalCode":"37211","coordinates":{"lat":36.0834724,"lng":-86.71200139999999}},{"address1":"802 East 37th Street","address2":"","city":"Savannah","state":"GA","postalCode":"31401","coordinates":{"lat":32.054012,"lng":-81.087324}},{"address1":"8376 Albacore Drive","address2":"","city":"Pasadena","state":"MD","postalCode":"21122","coordinates":{"lat":39.110409,"lng":-76.46565799999999}},{"address1":"1432 Bell Trace Drive","address2":"","city":"Nashville","state":"TN","postalCode":"37013","coordinates":{"lat":36.0397991,"lng":-86.6705185}},{"address1":"1809 Hughes Street","address2":"","city":"Nashville","state":"TN","postalCode":"37208","coordinates":{"lat":36.189117,"lng":-86.81445699999999}},{"address1":"915 Hargrove Street","address2":"","city":"Ardmore","state":"OK","postalCode":"73401","coordinates":{"lat":34.184371,"lng":-97.13386190000001}},{"address1":"1219 Carleton Street","address2":"M","city":"Berkeley","state":"CA","postalCode":"94702","coordinates":{"lat":37.8591054,"lng":-122.285823}},{"address1":"534 Turpin Street","address2":"#APT 000001","city":"Anchorage","state":"AK","postalCode":"99504","coordinates":{"lat":61.21704200000001,"lng":-149.756583}},{"address1":"1938 Arcadian Street","address2":"","city":"Savannah","state":"GA","postalCode":"31405","coordinates":{"lat":32.045498,"lng":-81.140851}},{"address1":"1124 Bluewillow Court","address2":"","city":"Nashville","state":"TN","postalCode":"37013","coordinates":{"lat":36.040783,"lng":-86.577798}},{"address1":"4516 Old Seward Highway","address2":"","city":"Anchorage","state":"AK","postalCode":"99503","coordinates":{"lat":61.1796427,"lng":-149.8693945}},{"address1":"5275 North 59th Avenue","address2":"","city":"Glendale","state":"AZ","postalCode":"85301","coordinates":{"lat":33.5140419,"lng":-112.1855701}},{"address1":"401 East Northern Lights Boulevard","address2":"#STE 000203","city":"Anchorage","state":"AK","postalCode":"99503","coordinates":{"lat":61.19566319999999,"lng":-149.8762046}},{"address1":"32532 Jean Drive","address2":"","city":"Union City","state":"CA","postalCode":"94587","coordinates":{"lat":37.5752359,"lng":-122.07283}},{"address1":"3215 Madsen Street","address2":"","city":"Hayward","state":"CA","postalCode":"94541","coordinates":{"lat":37.6618825,"lng":-122.0904612}},{"address1":"7111 North 75th Avenue","address2":"#1067","city":"Glendale","state":"AZ","postalCode":"85303","coordinates":{"lat":33.540617,"lng":-112.21863}},{"address1":"604 Northwest 118th Street","address2":"","city":"Oklahoma City","state":"OK","postalCode":"73114","coordinates":{"lat":35.5902559,"lng":-97.523444}},{"address1":"3825 West Muhammad Ali Boulevard","address2":"","city":"Louisville","state":"KY","postalCode":"40212","coordinates":{"lat":38.2576069,"lng":-85.8138415}},{"address1":"5436 Dorbrandt Street","address2":"#APT 000002","city":"Anchorage","state":"AK","postalCode":"99518","coordinates":{"lat":61.17090200000001,"lng":-149.904782}},{"address1":"622 Elaine Drive","address2":"","city":"Nashville","state":"TN","postalCode":"37211","coordinates":{"lat":36.0835,"lng":-86.75201600000001}},{"address1":"720 East Muhammad Ali Boulevard","address2":"","city":"Louisville","state":"KY","postalCode":"40202","coordinates":{"lat":38.2491941,"lng":-85.7396682}},{"address1":"6120 Southeast 84th Street","address2":"","city":"Oklahoma City","state":"OK","postalCode":"73135","coordinates":{"lat":35.380836,"lng":-97.41582}},{"address1":"5113 Southeast 51st Street","address2":"","city":"Oklahoma City","state":"OK","postalCode":"73135","coordinates":{"lat":35.4141774,"lng":-97.42992919999999}},{"address1":"600 Crosby Boulevard","address2":"","city":"Midwest City","state":"OK","postalCode":"73110","coordinates":{"lat":35.4588784,"lng":-97.41534899999999}},{"address1":"323 Southeast 23rd Street","address2":"","city":"Oklahoma City","state":"OK","postalCode":"73129","coordinates":{"lat":35.44171559999999,"lng":-97.50572050000001}},{"address1":"1521 159th Avenue","address2":"","city":"San Leandro","state":"CA","postalCode":"94578","coordinates":{"lat":37.70179340000001,"lng":-122.1192658}},{"address1":"1732 27th Avenue","address2":"","city":"Oakland","state":"CA","postalCode":"94601","coordinates":{"lat":37.783431,"lng":-122.228238}},{"address1":"122 East Hayes Street","address2":"","city":"Norman","state":"OK","postalCode":"73069","coordinates":{"lat":35.232121,"lng":-97.445053}},{"address1":"11501 Maple Way","address2":"","city":"Louisville","state":"KY","postalCode":"40229","coordinates":{"lat":38.097617,"lng":-85.6598254}},{"address1":"2400 Merry Street","address2":"","city":"Nashville","state":"TN","postalCode":"37208","coordinates":{"lat":36.159658,"lng":-86.81209799999999}},{"address1":"107 Guaymas Place","address2":"","city":"Davis","state":"CA","postalCode":"95616","coordinates":{"lat":38.567048,"lng":-121.746046}},{"address1":"Yucca Way","address2":"","city":"Arvada","state":"CO","postalCode":"80007","coordinates":{"lat":39.8666498,"lng":-105.2064653}},{"address1":"5634 Kipling Parkway","address2":"#102","city":"Arvada","state":"CO","postalCode":"80002","coordinates":{"lat":39.799218,"lng":-105.111464}},{"address1":"2147 Millhaven Drive","address2":"","city":"Edgewater","state":"MD","postalCode":"21037","coordinates":{"lat":38.935644,"lng":-76.562758}},{"address1":"4601 Reka Drive","address2":"#APT 000019","city":"Anchorage","state":"AK","postalCode":"99508","coordinates":{"lat":61.20430280000001,"lng":-149.7948294}},{"address1":"1401 Cordova Street","address2":"#APT 000006","city":"Anchorage","state":"AK","postalCode":"99501","coordinates":{"lat":61.20849370000001,"lng":-149.8792198}},{"address1":"10723 Colonial Woods Court","address2":"","city":"Louisville","state":"KY","postalCode":"40223","coordinates":{"lat":38.2496439,"lng":-85.55717709999999}},{"address1":"9545 West 74th Avenue","address2":"","city":"Arvada","state":"CO","postalCode":"80005","coordinates":{"lat":39.831067,"lng":-105.104237}},{"address1":"28250 Dickens Avenue","address2":"","city":"Hayward","state":"CA","postalCode":"94544","coordinates":{"lat":37.626108,"lng":-122.072898}},{"address1":"244 La Normandy Drive","address2":"","city":"Louisville","state":"KY","postalCode":"40223","coordinates":{"lat":38.2477519,"lng":-85.5581574}},{"address1":"4712 Rock Creek Road","address2":"","city":"Ardmore","state":"OK","postalCode":"73401","coordinates":{"lat":34.182105,"lng":-97.19224500000001}},{"address1":"1822 North Grand Avenue","address2":"","city":"Pueblo","state":"CO","postalCode":"81003","coordinates":{"lat":38.284427,"lng":-104.611581}},{"address1":"378 Bonny Street","address2":"","city":"Grand Junction","state":"CO","postalCode":"81501","coordinates":{"lat":39.059697,"lng":-108.543777}},{"address1":"5118 Augusta Road","address2":"","city":"Garden City","state":"GA","postalCode":"31408","coordinates":{"lat":32.115334,"lng":-81.1650918}},{"address1":"218 Saint Antons Way","address2":"","city":"Arnold","state":"MD","postalCode":"21012","coordinates":{"lat":39.061385,"lng":-76.51199}},{"address1":"1478 Sharps Point Road","address2":"","city":"Annapolis","state":"MD","postalCode":"21409","coordinates":{"lat":39.003222,"lng":-76.43876399999999}},{"address1":"406 Stilz Avenue","address2":"","city":"Louisville","state":"KY","postalCode":"40206","coordinates":{"lat":38.249288,"lng":-85.681572}},{"address1":"1030 Lake Claire Drive","address2":"","city":"Annapolis","state":"MD","postalCode":"21409","coordinates":{"lat":39.048603,"lng":-76.448911}},{"address1":"5316 Silver Wing Boulevard","address2":"","city":"Louisville","state":"KY","postalCode":"40241","coordinates":{"lat":38.31594,"lng":-85.556752}},{"address1":"8404 South Villa Avenue","address2":"","city":"Oklahoma City","state":"OK","postalCode":"73159","coordinates":{"lat":35.3818163,"lng":-97.5570041}},{"address1":"5011 West New World Drive","address2":"","city":"Glendale","state":"AZ","postalCode":"85302","coordinates":{"lat":33.566608,"lng":-112.16661}},{"address1":"6729 North 54th Avenue","address2":"","city":"Glendale","state":"AZ","postalCode":"85301","coordinates":{"lat":33.536068,"lng":-112.17458}},{"address1":"725 65th Street","address2":"","city":"Oakland","state":"CA","postalCode":"94609","coordinates":{"lat":37.849964,"lng":-122.266668}},{"address1":"43626 Bryant Street","address2":"","city":"Fremont","state":"CA","postalCode":"94539","coordinates":{"lat":37.526895,"lng":-121.92052}},{"address1":"13417 West Marlette Court","address2":"","city":"Litchfield Park","state":"AZ","postalCode":"85340","coordinates":{"lat":33.5272379,"lng":-112.34799}},{"address1":"6604 North 59th Avenue","address2":"#17","city":"Glendale","state":"AZ","postalCode":"85301","coordinates":{"lat":33.5340739,"lng":-112.186878}},{"address1":"6108 Iris Way","address2":"","city":"Arvada","state":"CO","postalCode":"80004","coordinates":{"lat":39.8082309,"lng":-105.1055592}},{"address1":"6007 Applegate Lane","address2":"","city":"Louisville","state":"KY","postalCode":"40219","coordinates":{"lat":38.1343013,"lng":-85.6498512}},{"address1":"8213 Northwest 65th Place","address2":"","city":"Oklahoma City","state":"OK","postalCode":"73132","coordinates":{"lat":35.539071,"lng":-97.66036600000001}},{"address1":"3140 Commander Drive","address2":"","city":"Louisville","state":"KY","postalCode":"40220","coordinates":{"lat":38.215781,"lng":-85.653981}},{"address1":"1 Kelton Court","address2":"#4H","city":"Oakland","state":"CA","postalCode":"94611","coordinates":{"lat":37.8243896,"lng":-122.2508859}},{"address1":"105 French Run Road","address2":"","city":"Savannah","state":"GA","postalCode":"31404","coordinates":{"lat":32.059471,"lng":-81.040477}},{"address1":"6231 North 67th Avenue","address2":"#241","city":"Glendale","state":"AZ","postalCode":"85301","coordinates":{"lat":33.5279666,"lng":-112.2022551}},{"address1":"7720 Allison Street","address2":"#105","city":"Arvada","state":"CO","postalCode":"80005","coordinates":{"lat":39.8383411,"lng":-105.0855734}},{"address1":"7027 West Phelps Road","address2":"","city":"Peoria","state":"AZ","postalCode":"85382","coordinates":{"lat":33.635541,"lng":-112.209889}},{"address1":"5843 West McLellan Road","address2":"","city":"Glendale","state":"AZ","postalCode":"85301","coordinates":{"lat":33.5330898,"lng":-112.1857087}},{"address1":"3801 North Ann Arbor Place","address2":"","city":"Oklahoma City","state":"OK","postalCode":"73122","coordinates":{"lat":35.508741,"lng":-97.608784}},{"address1":"1644 Queenstown Road","address2":"","city":"Nichols Hills","state":"OK","postalCode":"73116","coordinates":{"lat":35.542511,"lng":-97.547282}},{"address1":"1349 Burkhart Avenue","address2":"","city":"San Leandro","state":"CA","postalCode":"94579","coordinates":{"lat":37.685391,"lng":-122.152332}},{"address1":"201 West Montgomery Cross Road","address2":"#170","city":"Savannah","state":"GA","postalCode":"31406","coordinates":{"lat":31.9996137,"lng":-81.13121}},{"address1":"555 North Dupont Avenue","address2":"#C-55","city":"Nashville","state":"TN","postalCode":"37115","coordinates":{"lat":36.268033,"lng":-86.6999979}},{"address1":"16463 North 60th Avenue","address2":"","city":"Glendale","state":"AZ","postalCode":"85306","coordinates":{"lat":33.636847,"lng":-112.188737}},{"address1":"3813 Sheffield Lane","address2":"","city":"Pueblo","state":"CO","postalCode":"81005","coordinates":{"lat":38.218097,"lng":-104.6573}},{"address1":"913 Fallview Trail","address2":"","city":"Nashville","state":"TN","postalCode":"37211","coordinates":{"lat":36.02419100000001,"lng":-86.718305}},{"address1":"880 H Street","address2":"#STE 000204","city":"Anchorage","state":"AK","postalCode":"99501","coordinates":{"lat":61.2138319,"lng":-149.8975861}},{"address1":"21 Longview Bluff Drive East","address2":"","city":"Savannah","state":"GA","postalCode":"31419","coordinates":{"lat":31.95754299999999,"lng":-81.13848899999999}},{"address1":"4 Glen Circle","address2":"","city":"Glen Burnie","state":"MD","postalCode":"21060","coordinates":{"lat":39.157751,"lng":-76.60633399999999}},{"address1":"25538 Calaroga Avenue","address2":"","city":"Hayward","state":"CA","postalCode":"94545","coordinates":{"lat":37.642952,"lng":-122.098647}},{"address1":"508 Baker Street","address2":"","city":"Norman","state":"OK","postalCode":"73072","coordinates":{"lat":35.224961,"lng":-97.51696299999999}},{"address1":"16031 West 63rd Lane","address2":"E","city":"Arvada","state":"CO","postalCode":"80403","coordinates":{"lat":39.8117723,"lng":-105.1804962}},{"address1":"5472 Sunstar Common","address2":"","city":"Fremont","state":"CA","postalCode":"94555","coordinates":{"lat":37.5609018,"lng":-122.0567745}},{"address1":"9712 Stream View Trail","address2":"","city":"Louisville","state":"KY","postalCode":"40258","coordinates":{"lat":38.136731,"lng":-85.88158}},{"address1":"2917 Danzig Place","address2":"#102","city":"Louisville","state":"KY","postalCode":"40245","coordinates":{"lat":38.280137,"lng":-85.49418639999999}},{"address1":"1726 Bridgeview Lane","address2":"#5","city":"Lyndon","state":"KY","postalCode":"40242","coordinates":{"lat":38.274743,"lng":-85.60430699999999}},{"address1":"3109 Thistle Down Lane","address2":"","city":"Nashville","state":"TN","postalCode":"37013","coordinates":{"lat":36.02579600000001,"lng":-86.69677}},{"address1":"10110 Landwood Drive","address2":"","city":"Louisville","state":"KY","postalCode":"40291","coordinates":{"lat":38.119501,"lng":-85.576748}},{"address1":"171 Brickhill Circle","address2":"","city":"Pooler","state":"GA","postalCode":"31322","coordinates":{"lat":32.175349,"lng":-81.25099}},{"address1":"6221 West Wethersfield Road","address2":"","city":"Glendale","state":"AZ","postalCode":"85304","coordinates":{"lat":33.596597,"lng":-112.192735}},{"address1":"2313 Vegas Avenue","address2":"","city":"Castro Valley","state":"CA","postalCode":"94546","coordinates":{"lat":37.689189,"lng":-122.076775}},{"address1":"3180 Parthenon Avenue","address2":"#110","city":"Nashville","state":"TN","postalCode":"37203","coordinates":{"lat":36.1449179,"lng":-86.821767}},{"address1":"39247 Sundale Drive","address2":"","city":"Fremont","state":"CA","postalCode":"94538","coordinates":{"lat":37.5384851,"lng":-121.9855489}},{"address1":"13116 West Palo Verde Drive","address2":"","city":"Litchfield Park","state":"AZ","postalCode":"85340","coordinates":{"lat":33.521955,"lng":-112.342071}},{"address1":"1124 Jacobs Court","address2":"","city":"Nashville","state":"TN","postalCode":"37080","coordinates":{"lat":36.31671,"lng":-86.921248}},{"address1":"6578 Marauder Drive","address2":"","city":"Nashville","state":"TN","postalCode":"37209","coordinates":{"lat":36.142929,"lng":-86.885521}},{"address1":"5397 Wentworth Avenue","address2":"","city":"Oakland","state":"CA","postalCode":"94601","coordinates":{"lat":37.769842,"lng":-122.200969}}],"attribution":["City of Haddam (CT)","Ciy of Hartford (CT)","City of Lyme (CT)","City of Manchester (CT)","City of Watertown (CT)","City of Avon (CT)","Town of Fairfield (CT)","City of Groton (CT)","Office of Geographic Information (MassGIS), Commonwealth of Massachusetts, MassIT (MA)","VT Enhanced 911 Board, VCGI (VT)","City of Huntsville (AL)","City of Montgomery (AL)","Shelby County (AL)","Talladega County (AL)","City of Fayetteville (AR)","Arkansas Geographic Information Office (AR)","City of Washington (DC)","Bay County (FL)","Brevard County (FL)","Charlotte County (FL)","Citrus County (FL)","Clay County (FL)","Highlands County, FL (FL)","Hillsborough County (FL)","City of Savannah (GA)","Gordon County (GA)","Muscogee County (GA)","Sumter County (GA)","Metro Louisville,  LOJIC partners (KY)","Anne Arundel County (MD)","City of Baltimore (MD)","Frederick County (MD)","Oklahoma and Logan Counties - Association of Central Oklahoma Governments (OK)","Kern, Cleveland, Canadian, Logan Counties (OK)","City of Nashville (TN)","Cooke,Fannin,Grayson Counties - Texoma Council of Governments (TX)","Municipality of Anchorage (AK)","Copyright © 2015 Kenai Peninsula Borough (AK)","Matanuska-Susitna Borough (AK)","City of Glendale (AZ)","City of Mesa (AZ)","Alameda County (CA)","Amador County (CA)","City of Berkeley (CA)","Butte County (CA)","City of Bakersfield (CA)","City of Carson (CA)","City of Cupertino (CA)","City of Hayward and Fairview. Licensed for Public Use (CA)","City of Mountain View (CA)","City of Orange (CA)","Contra Costa County (CA)","El Dorando County (CA)","Fresno County (CA)","Humboldt County (CA)","Kern County (CA)","Kings County (CA)","Lake County (CA)","Lassen County (CA)","Los Angeles County (CA)","Madera County (CA)","Marin County (CA)","Merced County (CA)","Mono County (CA)","Monterey County (CA)","Napa County (CA)","County of Nevada, California (CA)","Orange County (CA)","City of Palo Alto (CA)","County of Placer (CA)","Secramento County (CA)","San Bernardino County (CA)","San Diego Geographic Information Source - JPA (CA)","San Joaquin County (CA)","San Luis Obispo County (CA)","San Mateo County (CA)","Santa Barbara County (CA)","Santa Clara County (CA)","Santa Cruz County (CA)","Shasta County (CA)","Solano County (CA)","Sonoma County (CA)","Stanislaus County (CA)","Tuolumne County (CA)","Yolo County (CA)","Yuba County (CA)","Arapahoe County (CO)","Archuleta County (CO)","City of Arvada (CO)","City of Aurora (CO)","City of Boulder (CO)","City of Fort Collins (CO)","City of Greeley (CO)","City of Loveland (CO)","City of Westminster (CO)","Gilpin County (CO)","Gunnison County (CO)","Jefferson County (CO)","Larimer County (CO)","Mesa County (CO)","Pitkin County (CO)","Pubelo County (CO)","San Miguel County (CO)","City of Honolulu (HI)"]}
