{"addresses":[{"address1":"203 East Gwinnett Street","address2":"","city":"Savannah","state":"GA","postalCode":"31401","coordinates":{"lat":32.06637,"lng":-81.093895}},{"address1":"2902 Flint Street","address2":"","city":"Union City","state":"CA","postalCode":"94587","coordinates":{"lat":37.60442,"lng":-122.069607}},{"address1":"2755 Country Drive","address2":"#244","city":"Fremont","state":"CA","postalCode":"94536","coordinates":{"lat":37.557882,"lng":-121.986823}},{"address1":"4409 Star Jasmine Court","address2":"","city":"Bakersfield","state":"CA","postalCode":"93304","coordinates":{"lat":35.314966,"lng":-119.027406}},{"address1":"270 Tampa Drive","address2":"#M-1","city":"Nashville","state":"TN","postalCode":"37211","coordinates":{"lat":36.0834724,"lng":-86.71200139999999}},{"address1":"802 East 37th Street","address2":"","city":"Savannah","state":"GA","postalCode":"31401","coordinates":{"lat":32.054012,"lng":-81.087324}},{"address1":"8376 Albacore Drive","address2":"","city":"Pasadena","state":"MD","postalCode":"21122","coordinates":{"lat":39.110409,"lng":-76.46565799999999}},{"address1":"1432 Bell Trace Drive","address2":"","city":"Nashville","state":"TN","postalCode":"37013","coordinates":{"lat":36.0397991,"lng":-86.6705185}},{"address1":"1809 Hughes Street","address2":"","city":"Nashville","state":"TN","postalCode":"37208","coordinates":{"lat":36.189117,"lng":-86.81445699999999}},{"address1":"915 Hargrove Street","address2":"","city":"Ardmore","state":"OK","postalCode":"73401","coordinates":{"lat":34.184371,"lng":-97.13386190000001}},{"address1":"1219 Carleton Street","address2":"M","city":"Berkeley","state":"CA","postalCode":"94702","coordinates":{"lat":37.8591054,"lng":-122.285823}},{"address1":"534 Turpin Street","address2":"#APT 000001","city":"Anchorage","state":"AK","postalCode":"99504","coordinates":{"lat":61.21704200000001,"lng":-149.756583}},{"address1":"1938 Arcadian Street","address2":"","city":"Savannah","state":"GA","postalCode":"31405","coordinates":{"lat":32.045498,"lng":-81.140851}},{"address1":"1124 Bluewillow Court","address2":"","city":"Nashville","state":"TN","postalCode":"37013","coordinates":{"lat":36.040783,"lng":-86.577798}},{"address1":"4516 Old Seward Highway","address2":"","city":"Anchorage","state":"AK","postalCode":"99503","coordinates":{"lat":61.1796427,"lng":-149.8693945}},{"address1":"5275 North 59th Avenue","address2":"","city":"Glendale","state":"AZ","postalCode":"85301","coordinates":{"lat":33.5140419,"lng":-112.1855701}},{"address1":"401 East Northern Lights Boulevard","address2":"#STE 000203","city":"Anchorage","state":"AK","postalCode":"99503","coordinates":{"lat":61.19566319999999,"lng":-149.8762046}},{"address1":"32532 Jean Drive","address2":"","city":"Union City","state":"CA","postalCode":"94587","coordinates":{"lat":37.5752359,"lng":-122.07283}},{"address1":"3215 Madsen Street","address2":"","city":"Hayward","state":"CA","postalCode":"94541","coordinates":{"lat":37.6618825,"lng":-122.0904612}},{"address1":"7111 North 75th Avenue","address2":"#1067","city":"Glendale","state":"AZ","postalCode":"85303","coordinates":{"lat":33.540617,"lng":-112.21863}},{"address1":"604 Northwest 118th Street","address2":"","city":"Oklahoma City","state":"OK","postalCode":"73114","coordinates":{"lat":35.5902559,"lng":-97.523444}},{"address1":"3825 West Muhammad Ali Boulevard","address2":"","city":"Louisville","state":"KY","postalCode":"40212","coordinates":{"lat":38.2576069,"lng":-85.8138415}},{"address1":"5436 Dorbrandt Street","address2":"#APT 000002","city":"Anchorage","state":"AK","postalCode":"99518","coordinates":{"lat":61.17090200000001,"lng":-149.904782}},{"address1":"622 Elaine Drive","address2":"","city":"Nashville","state":"TN","postalCode":"37211","coordinates":{"lat":36.0835,"lng":-86.75201600000001}},{"address1":"720 East Muhammad Ali Boulevard","address2":"","city":"Louisville","state":"KY","postalCode":"40202","coordinates":{"lat":38.2491941,"lng":-85.7396682}},{"address1":"6120 Southeast 84th Street","address2":"","city":"Oklahoma City","state":"OK","postalCode":"73135","coordinates":{"lat":35.380836,"lng":-97.41582}},{"address1":"5113 Southeast 51st Street","address2":"","city":"Oklahoma City","state":"OK","postalCode":"73135","coordinates":{"lat":35.4141774,"lng":-97.42992919999999}},{"address1":"600 Crosby Boulevard","address2":"","city":"Midwest City","state":"OK","postalCode":"73110","coordinates":{"lat":35.4588784,"lng":-97.41534899999999}},{"address1":"323 Southeast 23rd Street","address2":"","city":"Oklahoma City","state":"OK","postalCode":"73129","coordinates":{"lat":35.44171559999999,"lng":-97.50572050000001}},{"address1":"1521 159th Avenue","address2":"","city":"San Leandro","state":"CA","postalCode":"94578","coordinates":{"lat":37.70179340000001,"lng":-122.1192658}},{"address1":"1732 27th Avenue","address2":"","city":"Oakland","state":"CA","postalCode":"94601","coordinates":{"lat":37.783431,"lng":-122.228238}},{"address1":"122 East Hayes Street","address2":"","city":"Norman","state":"OK","postalCode":"73069","coordinates":{"lat":35.232121,"lng":-97.445053}},{"address1":"11501 Maple Way","address2":"","city":"Louisville","state":"KY","postalCode":"40229","coordinates":{"lat":38.097617,"lng":-85.6598254}},{"address1":"2400 Merry Street","address2":"","city":"Nashville","state":"TN","postalCode":"37208","coordinates":{"lat":36.159658,"lng":-86.81209799999999}},{"address1":"107 Guaymas Place","address2":"","city":"Davis","state":"CA","postalCode":"95616","coordinates":{"lat":38.567048,"lng":-121.746046}},{"address1":"Yucca Way","address2":"","city":"Arvada","state":"CO","postalCode":"80007","coordinates":{"lat":39.8666498,"lng":-105.2064653}},{"address1":"5634 Kipling Parkway","address2":"#102","city":"Arvada","state":"CO","postalCode":"80002","coordinates":{"lat":39.799218,"lng":-105.111464}},{"address1":"2147 Millhaven Drive","address2":"","city":"Edgewater","state":"MD","postalCode":"21037","coordinates":{"lat":38.935644,"lng":-76.562758}},{"address1":"4601 Reka Drive","address2":"#APT 000019","city":"Anchorage","state":"AK","postalCode":"99508","coordinates":{"lat":61.20430280000001,"lng":-149.7948294}},{"address1":"1401 Cordova Street","address2":"#APT 000006","city":"Anchorage","state":"AK","postalCode":"99501","coordinates":{"lat":61.20849370000001,"lng":-149.8792198}},{"address1":"10723 Colonial Woods Court","address2":"","city":"Louisville","state":"KY","postalCode":"40223","coordinates":{"lat":38.2496439,"lng":-85.55717709999999}},{"address1":"9545 West 74th Avenue","address2":"","city":"Arvada","state":"CO","postalCode":"80005","coordinates":{"lat":39.831067,"lng":-105.104237}},{"address1":"28250 Dickens Avenue","address2":"","city":"Hayward","state":"CA","postalCode":"94544","coordinates":{"lat":37.626108,"lng":-122.072898}},{"address1":"244 La Normandy Drive","address2":"","city":"Louisville","state":"KY","postalCode":"40223","coordinates":{"lat":38.2477519,"lng":-85.5581574}},{"address1":"4712 Rock Creek Road","address2":"","city":"Ardmore","state":"OK","postalCode":"73401","coordinates":{"lat":34.182105,"lng":-97.19224500000001}},{"address1":"1822 North Grand Avenue","address2":"","city":"Pueblo","state":"CO","postalCode":"81003","coordinates":{"lat":38.284427,"lng":-104.611581}},{"address1":"378 Bonny Street","address2":"","city":"Grand Junction","state":"CO","postalCode":"81501","coordinates":{"lat":39.059697,"lng":-108.543777}},{"address1":"5118 Augusta Road","address2":"","city":"Garden City","state":"GA","postalCode":"31408","coordinates":{"lat":32.115334,"lng":-81.1650918}},{"address1":"218 Saint Antons Way","address2":"","city":"Arnold","state":"MD","postalCode":"21012","coordinates":{"lat":39.061385,"lng":-76.51199}},{"address1":"1478 Sharps Point Road","address2":"","city":"Annapolis","state":"MD","postalCode":"21409","coordinates":{"lat":39.003222,"lng":-76.43876399999999}},{"address1":"406 Stilz Avenue","address2":"","city":"Louisville","state":"KY","postalCode":"40206","coordinates":{"lat":38.249288,"lng":-85.681572}},{"address1":"1030 Lake Claire Drive","address2":"","city":"Annapolis","state":"MD","postalCode":"21409","coordinates":{"lat":39.048603,"lng":-76.448911}},{"address1":"5316 Silver Wing Boulevard","address2":"","city":"Louisville","state":"KY","postalCode":"40241","coordinates":{"lat":38.31594,"lng":-85.556752}},{"address1":"8404 South Villa Avenue","address2":"","city":"Oklahoma City","state":"OK","postalCode":"73159","coordinates":{"lat":35.3818163,"lng":-97.5570041}},{"address1":"5011 West New World Drive","address2":"","city":"Glendale","state":"AZ","postalCode":"85302","coordinates":{"lat":33.566608,"lng":-112.16661}},{"address1":"6729 North 54th Avenue","address2":"","city":"Glendale","state":"AZ","postalCode":"85301","coordinates":{"lat":33.536068,"lng":-112.17458}},{"address1":"725 65th Street","address2":"","city":"Oakland","state":"CA","postalCode":"94609","coordinates":{"lat":37.849964,"lng":-122.266668}},{"address1":"43626 Bryant Street","address2":"","city":"Fremont","state":"CA","postalCode":"94539","coordinates":{"lat":37.526895,"lng":-121.92052}},{"address1":"13417 West Marlette Court","address2":"","city":"Litchfield Park","state":"AZ","postalCode":"85340","coordinates":{"lat":33.5272379,"lng":-112.34799}},{"address1":"6604 North 59th Avenue","address2":"#17","city":"Glendale","state":"AZ","postalCode":"85301","coordinates":{"lat":33.5340739,"lng":-112.186878}},{"address1":"6108 Iris Way","address2":"","city":"Arvada","state":"CO","postalCode":"80004","coordinates":{"lat":39.8082309,"lng":-105.1055592}},{"address1":"6007 Applegate Lane","address2":"","city":"Louisville","state":"KY","postalCode":"40219","coordinates":{"lat":38.1343013,"lng":-85.6498512}},{"address1":"8213 Northwest 65th Place","address2":"","city":"Oklahoma City","state":"OK","postalCode":"73132","coordinates":{"lat":35.539071,"lng":-97.66036600000001}},{"address1":"3140 Commander Drive","address2":"","city":"Louisville","state":"KY","postalCode":"40220","coordinates":{"lat":38.215781,"lng":-85.653981}},{"address1":"1 Kelton Court","address2":"#4H","city":"Oakland","state":"CA","postalCode":"94611","coordinates":{"lat":37.8243896,"lng":-122.2508859}},{"address1":"105 French Run Road","address2":"","city":"Savannah","state":"GA","postalCode":"31404","coordinates":{"lat":32.059471,"lng":-81.040477}},{"address1":"6231 North 67th Avenue","address2":"#241","city":"Glendale","state":"AZ","postalCode":"85301","coordinates":{"lat":33.5279666,"lng":-112.2022551}},{"address1":"7720 Allison Street","address2":"#105","city":"Arvada","state":"CO","postalCode":"80005","coordinates":{"lat":39.8383411,"lng":-105.0855734}},{"address1":"7027 West Phelps Road","address2":"","city":"Peoria","state":"AZ","postalCode":"85382","coordinates":{"lat":33.635541,"lng":-112.209889}},{"address1":"5843 West McLellan Road","address2":"","city":"Glendale","state":"AZ","postalCode":"85301","coordinates":{"lat":33.5330898,"lng":-112.1857087}},{"address1":"3801 North Ann Arbor Place","address2":"","city":"Oklahoma City","state":"OK","postalCode":"73122","coordinates":{"lat":35.508741,"lng":-97.608784}},{"address1":"1644 Queenstown Road","address2":"","city":"Nichols Hills","state":"OK","postalCode":"73116","coordinates":{"lat":35.542511,"lng":-97.547282}},{"address1":"1349 Burkhart Avenue","address2":"","city":"San Leandro","state":"CA","postalCode":"94579","coordinates":{"lat":37.685391,"lng":-122.152332}},{"address1":"201 West Montgomery Cross Road","address2":"#170","city":"Savannah","state":"GA","postalCode":"31406","coordinates":{"lat":31.9996137,"lng":-81.13121}},{"address1":"555 North Dupont Avenue","address2":"#C-55","city":"Nashville","state":"TN","postalCode":"37115","coordinates":{"lat":36.268033,"lng":-86.6999979}},{"address1":"16463 North 60th Avenue","address2":"","city":"Glendale","state":"AZ","postalCode":"85306","coordinates":{"lat":33.636847,"lng":-112.188737}},{"address1":"3813 Sheffield Lane","address2":"","city":"Pueblo","state":"CO","postalCode":"81005","coordinates":{"lat":38.218097,"lng":-104.6573}},{"address1":"913 Fallview Trail","address2":"","city":"Nashville","state":"TN","postalCode":"37211","coordinates":{"lat":36.02419100000001,"lng":-86.718305}},{"address1":"880 H Street","address2":"#STE 000204","city":"Anchorage","state":"AK","postalCode":"99501","coordinates":{"lat":61.2138319,"lng":-149.8975861}},{"address1":"21 Longview Bluff Drive East","address2":"","city":"Savannah","state":"GA","postalCode":"31419","coordinates":{"lat":31.95754299999999,"lng":-81.13848899999999}},{"address1":"4 Glen Circle","address2":"","city":"Glen Burnie","state":"MD","postalCode":"21060","coordinates":{"lat":39.157751,"lng":-76.60633399999999}},{"address1":"25538 Calaroga Avenue","address2":"","city":"Hayward","state":"CA","postalCode":"94545","coordinates":{"lat":37.642952,"lng":-122.098647}},{"address1":"508 Baker Street","address2":"","city":"Norman","state":"OK","postalCode":"73072","coordinates":{"lat":35.224961,"lng":-97.51696299999999}},{"address1":"16031 West 63rd Lane","address2":"E","city":"Arvada","state":"CO","postalCode":"80403","coordinates":{"lat":39.8117723,"lng":-105.1804962}},{"address1":"5472 Sunstar Common","address2":"","city":"Fremont","state":"CA","postalCode":"94555","coordinates":{"lat":37.5609018,"lng":-122.0567745}},{"address1":"9712 Stream View Trail","address2":"","city":"Louisville","state":"KY","postalCode":"40258","coordinates":{"lat":38.136731,"lng":-85.88158}},{"address1":"2917 Danzig Place","address2":"#102","city":"Louisville","state":"KY","postalCode":"40245","coordinates":{"lat":38.280137,"lng":-85.49418639999999}},{"address1":"1726 Bridgeview Lane","address2":"#5","city":"Lyndon","state":"KY","postalCode":"40242","coordinates":{"lat":38.274743,"lng":-85.60430699999999}},{"address1":"3109 Thistle Down Lane","address2":"","city":"Nashville","state":"TN","postalCode":"37013","coordinates":{"lat":36.02579600000001,"lng":-86.69677}},{"address1":"10110 Landwood Drive","address2":"","city":"Louisville","state":"KY","postalCode":"40291","coordinates":{"lat":38.119501,"lng":-85.576748}},{"address1":"171 Brickhill Circle","address2":"","city":"Pooler","state":"GA","postalCode":"31322","coordinates":{"lat":32.175349,"lng":-81.25099}},{"address1":"6221 West Wethersfield Road","address2":"","city":"Glendale","state":"AZ","postalCode":"85304","coordinates":{"lat":33.596597,"lng":-112.192735}},{"address1":"2313 Vegas Avenue","address2":"","city":"Castro Valley","state":"CA","postalCode":"94546","coordinates":{"lat":37.689189,"lng":-122.076775}},{"address1":"3180 Parthenon Avenue","address2":"#110","city":"Nashville","state":"TN","postalCode":"37203","coordinates":{"lat":36.1449179,"lng":-86.821767}},{"address1":"39247 Sundale Drive","address2":"","city":"Fremont","state":"CA","postalCode":"94538","coordinates":{"lat":37.5384851,"lng":-121.9855489}},{"address1":"13116 West Palo Verde Drive","address2":"","city":"Litchfield Park","state":"AZ","postalCode":"85340","coordinates":{"lat":33.521955,"lng":-112.342071}},{"address1":"1124 Jacobs Court","address2":"","city":"Nashville","state":"TN","postalCode":"37080","coordinates":{"lat":36.31671,"lng":-86.921248}},{"address1":"6578 Marauder Drive","address2":"","city":"Nashville","state":"TN","postalCode":"37209","coordinates":{"lat":36.142929,"lng":-86.885521}},{"address1":"5397 Wentworth Avenue","address2":"","city":"Oakland","state":"CA","postalCode":"94601","coordinates":{"lat":37.769842,"lng":-122.200969}},{"address1":"8010 Holland Court","address2":"D","city":"Arvada","state":"CO","postalCode":"80005","coordinates":{"lat":39.84229029999999,"lng":-105.1030368}},{"address1":"3313 Daisy Trail","address2":"","city":"Nashville","state":"TN","postalCode":"37013","coordinates":{"lat":36.076186,"lng":-86.60113799999999}},{"address1":"8159 West 81st Avenue","address2":"","city":"Arvada","state":"CO","postalCode":"80005","coordinates":{"lat":39.843993,"lng":-105.089124}},{"address1":"405 Flint Ridge Court","address2":"","city":"Norman","state":"OK","postalCode":"73072","coordinates":{"lat":35.222486,"lng":-97.507916}},{"address1":"110 Carraway Lane","address2":"","city":"Annapolis","state":"MD","postalCode":"21401","coordinates":{"lat":38.9744956,"lng":-76.5058135}},{"address1":"281 MacArthur Boulevard","address2":"","city":"Oakland","state":"CA","postalCode":"94610","coordinates":{"lat":37.8147324,"lng":-122.25217}},{"address1":"110 Oxford Road","address2":"","city":"Savannah","state":"GA","postalCode":"31419","coordinates":{"lat":31.959949,"lng":-81.155259}},{"address1":"317 Windsor Road","address2":"","city":"Savannah","state":"GA","postalCode":"31419","coordinates":{"lat":31.973034,"lng":-81.141871}},{"address1":"945 South 5th Street","address2":"#1020","city":"Louisville","state":"KY","postalCode":"40203","coordinates":{"lat":38.2402351,"lng":-85.76031119999999}},{"address1":"13852 West 66th Place","address2":"","city":"Arvada","state":"CO","postalCode":"80004","coordinates":{"lat":39.8168929,"lng":-105.1551018}},{"address1":"1014 South 2nd Street","address2":"#508","city":"Louisville","state":"KY","postalCode":"40203","coordinates":{"lat":38.2381394,"lng":-85.7567894}},{"address1":"1015 Castle Road","address2":"","city":"Edmond","state":"OK","postalCode":"73034","coordinates":{"lat":35.665019,"lng":-97.466045}},{"address1":"22649 McManus Drive","address2":"","city":"Anchorage","state":"AK","postalCode":"99567","coordinates":{"lat":61.418189,"lng":-149.460766}},{"address1":"420 D Street Northwest","address2":"","city":"Ardmore","state":"OK","postalCode":"73401","coordinates":{"lat":34.1791714,"lng":-97.13180349999999}},{"address1":"1363 Dean Forest Road","address2":"","city":"Savannah","state":"GA","postalCode":"31405","coordinates":{"lat":32.0584405,"lng":-81.2104642}},{"address1":"1326 U.S. 80","address2":"#403","city":"Garden City","state":"GA","postalCode":"31408","coordinates":{"lat":32.0884125,"lng":-81.167345}},{"address1":"4255 Tanager Common","address2":"","city":"Fremont","state":"CA","postalCode":"94555","coordinates":{"lat":37.5738888,"lng":-122.0460256}},{"address1":"8597 Bay Road","address2":"","city":"Pasadena","state":"MD","postalCode":"21122","coordinates":{"lat":39.161536,"lng":-76.500959}},{"address1":"849 East Victoria Street","address2":"#204","city":"Carson","state":"CA","postalCode":"90746","coordinates":{"lat":33.8673562,"lng":-118.2597713}},{"address1":"6328 West Brown Street","address2":"","city":"Glendale","state":"AZ","postalCode":"85302","coordinates":{"lat":33.578369,"lng":-112.19603}},{"address1":"89 Barrensdale Drive","address2":"","city":"Severna Park","state":"MD","postalCode":"21146","coordinates":{"lat":39.055699,"lng":-76.53443899999999}},{"address1":"5228 North 70th Avenue","address2":"","city":"Glendale","state":"AZ","postalCode":"85303","coordinates":{"lat":33.5139101,"lng":-112.2097368}},{"address1":"2223 North Fernwood Court","address2":"","city":"Savannah","state":"GA","postalCode":"31404","coordinates":{"lat":32.029307,"lng":-81.06297099999999}},{"address1":"20375 Wisteria Street","address2":"","city":"Castro Valley","state":"CA","postalCode":"94546","coordinates":{"lat":37.696683,"lng":-122.085865}},{"address1":"416 Waverly Avenue","address2":"","city":"Baltimore","state":"MD","postalCode":"21225","coordinates":{"lat":39.21664699999999,"lng":-76.60289999999999}},{"address1":"2406 Lindbergh Drive","address2":"","city":"Louisville","state":"KY","postalCode":"40208","coordinates":{"lat":38.215833,"lng":-85.775153}},{"address1":"6717 North 59th Avenue","address2":"","city":"Glendale","state":"AZ","postalCode":"85301","coordinates":{"lat":33.5357556,"lng":-112.1857265}},{"address1":"1495 Snell Boulevard","address2":"","city":"Nashville","state":"TN","postalCode":"37218","coordinates":{"lat":36.179644,"lng":-86.84018300000001}},{"address1":"3115 North Lake Boulevard","address2":"#87","city":"Tahoe City","state":"CA","postalCode":"96145","coordinates":{"lat":39.190947,"lng":-120.108825}},{"address1":"8401 Pinewood Drive","address2":"","city":"Oklahoma City","state":"OK","postalCode":"73135","coordinates":{"lat":35.382469,"lng":-97.4303}},{"address1":"1123 Glenwood Avenue","address2":"","city":"Nashville","state":"TN","postalCode":"37204","coordinates":{"lat":36.099912,"lng":-86.79836999999999}},{"address1":"8358 WB&A Road","address2":"","city":"Severn","state":"MD","postalCode":"21144","coordinates":{"lat":39.108962,"lng":-76.68668799999999}},{"address1":"629 Debbie Drive","address2":"","city":"Nashville","state":"TN","postalCode":"37076","coordinates":{"lat":36.208114,"lng":-86.58621199999999}},{"address1":"8447 West 51st Avenue","address2":"","city":"Arvada","state":"CO","postalCode":"80002","coordinates":{"lat":39.789865,"lng":-105.092429}},{"address1":"908 Lodge Hill Road","address2":"","city":"Louisville","state":"KY","postalCode":"40223","coordinates":{"lat":38.259123,"lng":-85.55744899999999}},{"address1":"10881 Northforde Drive","address2":"","city":"Cupertino","state":"CA","postalCode":"95014","coordinates":{"lat":37.335812,"lng":-122.023985}},{"address1":"1011 San Jose Street","address2":"","city":"San Leandro","state":"CA","postalCode":"94577","coordinates":{"lat":37.72956300000001,"lng":-122.147074}},{"address1":"10774 West 54th Lane","address2":"","city":"Arvada","state":"CO","postalCode":"80002","coordinates":{"lat":39.7963587,"lng":-105.11861}},{"address1":"6418 Iris Way","address2":"","city":"Arvada","state":"CO","postalCode":"80004","coordinates":{"lat":39.813257,"lng":-105.10886}},{"address1":"6029 Wright Street","address2":"","city":"Arvada","state":"CO","postalCode":"80004","coordinates":{"lat":39.8063897,"lng":-105.1397744}},{"address1":"3604 Ridgehaven Drive","address2":"","city":"Midwest City","state":"OK","postalCode":"73110","coordinates":{"lat":35.4767103,"lng":-97.4018785}},{"address1":"1709 Vineyard Trail","address2":"","city":"Annapolis","state":"MD","postalCode":"21401","coordinates":{"lat":39.011135,"lng":-76.533643}},{"address1":"5112 Southwest 124th Place","address2":"","city":"Oklahoma City","state":"OK","postalCode":"73173","coordinates":{"lat":35.343756,"lng":-97.608513}},{"address1":"5119 West Columbine Drive","address2":"","city":"Glendale","state":"AZ","postalCode":"85304","coordinates":{"lat":33.598244,"lng":-112.169776}},{"address1":"2829 Cambridge Court","address2":"","city":"Oklahoma City","state":"OK","postalCode":"73116","coordinates":{"lat":35.54268,"lng":-97.564402}},{"address1":"904 Walthour Road","address2":"","city":"Savannah","state":"GA","postalCode":"31410","coordinates":{"lat":32.006444,"lng":-80.962711}},{"address1":"2313 South 4th Street","address2":"","city":"Louisville","state":"KY","postalCode":"40208","coordinates":{"lat":38.2150183,"lng":-85.7638487}},{"address1":"1347 Blackwalnut Court","address2":"","city":"Annapolis","state":"MD","postalCode":"21403","coordinates":{"lat":38.936881,"lng":-76.475823}},{"address1":"2632 Jackson Street East","address2":"","city":"Carson","state":"CA","postalCode":"90810","coordinates":{"lat":33.8360282,"lng":-118.2202665}},{"address1":"105 Gilmore Street","address2":"","city":"Glen Burnie","state":"MD","postalCode":"21061","coordinates":{"lat":39.176817,"lng":-76.630884}},{"address1":"4927 Alvin Sperry Road","address2":"","city":"Mount Juliet","state":"TN","postalCode":"37122","coordinates":{"lat":36.143557,"lng":-86.556877}},{"address1":"7701 Southwest 104th Street","address2":"","city":"Oklahoma City","state":"OK","postalCode":"73169","coordinates":{"lat":35.3641983,"lng":-97.6475346}},{"address1":"12725 Landmark Street","address2":"APT A","city":"Anchorage","state":"AK","postalCode":"99515","coordinates":{"lat":61.1056052,"lng":-149.8523519}},{"address1":"3318 East Woodbine Road","address2":"","city":"Orange","state":"CA","postalCode":"92867","coordinates":{"lat":33.835,"lng":-117.818473}},{"address1":"17480 Beaujolais Circle","address2":"","city":"Anchorage","state":"AK","postalCode":"99577","coordinates":{"lat":61.3382562,"lng":-149.555598}},{"address1":"11150 Sun Valley Drive","address2":"","city":"Oakland","state":"CA","postalCode":"94605","coordinates":{"lat":37.752039,"lng":-122.11822}},{"address1":"549 Elysian Fields Road","address2":"","city":"Nashville","state":"TN","postalCode":"37211","coordinates":{"lat":36.084314,"lng":-86.746375}},{"address1":"7711 North 51st Avenue","address2":"#1180","city":"Glendale","state":"AZ","postalCode":"85301","coordinates":{"lat":33.5502243,"lng":-112.1665731}},{"address1":"12493 West 84th Circle","address2":"","city":"Arvada","state":"CO","postalCode":"80005","coordinates":{"lat":39.850675,"lng":-105.1410626}},{"address1":"26563 Chisholm Court","address2":"","city":"Hayward","state":"CA","postalCode":"94544","coordinates":{"lat":37.641711,"lng":-122.078659}},{"address1":"903 Mallard Creek Road","address2":"","city":"Saint Matthews","state":"KY","postalCode":"40207","coordinates":{"lat":38.2384725,"lng":-85.63011589999999}},{"address1":"928 Wright Avenue","address2":"#UNIT 505","city":"Mountain View","state":"CA","postalCode":"94043","coordinates":{"lat":37.3996523,"lng":-122.0796285}},{"address1":"98 Lee Drive","address2":"","city":"Annapolis","state":"MD","postalCode":"21403","coordinates":{"lat":38.933313,"lng":-76.4933099}},{"address1":"1413 G Street","address2":"#STE 000001","city":"Anchorage","state":"AK","postalCode":"99501","coordinates":{"lat":61.2082831,"lng":-149.8952664}},{"address1":"5039 North 57th Avenue","address2":"#118","city":"Glendale","state":"AZ","postalCode":"85301","coordinates":{"lat":33.5105588,"lng":-112.181081}},{"address1":"12156 Oslo Drive","address2":"","city":"Truckee","state":"CA","postalCode":"96161","coordinates":{"lat":39.35603649999999,"lng":-120.2351517}},{"address1":"8409 Gullane Court","address2":"","city":"Pasadena","state":"MD","postalCode":"21122","coordinates":{"lat":39.134241,"lng":-76.498773}},{"address1":"88 Pine Valley Road","address2":"","city":"Savannah","state":"GA","postalCode":"31404","coordinates":{"lat":32.022372,"lng":-81.0796529}},{"address1":"545 East Muhammad Ali Boulevard","address2":"#103","city":"Louisville","state":"KY","postalCode":"40202","coordinates":{"lat":38.2497972,"lng":-85.7430095}},{"address1":"13426 North 54th Drive","address2":"","city":"Glendale","state":"AZ","postalCode":"85304","coordinates":{"lat":33.607281,"lng":-112.17645}},{"address1":"3959 Fairlands Drive","address2":"","city":"Pleasanton","state":"CA","postalCode":"94588","coordinates":{"lat":37.6992001,"lng":-121.8703701}},{"address1":"6234 West Behrend Drive","address2":"#1134","city":"Glendale","state":"AZ","postalCode":"85308","coordinates":{"lat":33.6663894,"lng":-112.1940529}},{"address1":"3040 17th Street","address2":"","city":"Boulder","state":"CO","postalCode":"80304","coordinates":{"lat":40.0308834,"lng":-105.2748855}},{"address1":"2815 Saint Edwards Drive","address2":"","city":"Nashville","state":"TN","postalCode":"37211","coordinates":{"lat":36.112224,"lng":-86.738739}},{"address1":"8546 North 59th Lane","address2":"#171","city":"Glendale","state":"AZ","postalCode":"85302","coordinates":{"lat":33.5615847,"lng":-112.1884147}},{"address1":"1583 Elberta Court","address2":"","city":"Severn","state":"MD","postalCode":"21144","coordinates":{"lat":39.139112,"lng":-76.715386}},{"address1":"4188 Summerview Drive","address2":"#3","city":"Louisville","state":"KY","postalCode":"40272","coordinates":{"lat":38.0741784,"lng":-85.8750755}},{"address1":"20443 Granite Park Circle","address2":"","city":"Anchorage","state":"AK","postalCode":"99577","coordinates":{"lat":61.3009843,"lng":-149.5003959}},{"address1":"429 Patterson Street","address2":"","city":"Nashville","state":"TN","postalCode":"37211","coordinates":{"lat":36.102655,"lng":-86.744186}},{"address1":"430 Fig Street","address2":"","city":"Madera","state":"CA","postalCode":"93638","coordinates":{"lat":36.96641109999999,"lng":-120.0424251}},{"address1":"410 Fairlea Drive","address2":"","city":"Edgewater","state":"MD","postalCode":"21037","coordinates":{"lat":38.940422,"lng":-76.54894}},{"address1":"11 Eclipse Court","address2":"","city":"Alameda","state":"CA","postalCode":"94501","coordinates":{"lat":37.7823187,"lng":-122.2678109}},{"address1":"1701 18th Avenue South","address2":"","city":"Nashville","state":"TN","postalCode":"37212","coordinates":{"lat":36.137509,"lng":-86.797185}},{"address1":"8202 Dudley Way","address2":"","city":"Arvada","state":"CO","postalCode":"80005","coordinates":{"lat":39.846117,"lng":-105.094914}},{"address1":"3320 Peterkin Avenue","address2":"","city":"Anchorage","state":"AK","postalCode":"99508","coordinates":{"lat":61.22569499999999,"lng":-149.818735}},{"address1":"12061 Johns Road","address2":"#APT 000002","city":"Anchorage","state":"AK","postalCode":"99515","coordinates":{"lat":61.111453,"lng":-149.8780899}},{"address1":"7095 Gladiola Street","address2":"","city":"Arvada","state":"CO","postalCode":"80004","coordinates":{"lat":39.824892,"lng":-105.162799}},{"address1":"21 Glenoak Lane Northwest","address2":"B","city":"Glen Burnie","state":"MD","postalCode":"21061","coordinates":{"lat":39.170174,"lng":-76.62381599999999}},{"address1":"11140 West 60th Avenue","address2":"","city":"Arvada","state":"CO","postalCode":"80004","coordinates":{"lat":39.805639,"lng":-105.122694}},{"address1":"1780 Poplar Ridge Road","address2":"","city":"Pasadena","state":"MD","postalCode":"21122","coordinates":{"lat":39.131587,"lng":-76.470202}},{"address1":"1636 Briarview Court","address2":"","city":"Severn","state":"MD","postalCode":"21144","coordinates":{"lat":39.12539599999999,"lng":-76.704015}},{"address1":"8380 Lockwood Road","address2":"","city":"Pasadena","state":"MD","postalCode":"21122","coordinates":{"lat":39.110554,"lng":-76.480541}},{"address1":"3604 West Market Street","address2":"","city":"Louisville","state":"KY","postalCode":"40212","coordinates":{"lat":38.260966,"lng":-85.80990299999999}},{"address1":"223 Main Street","address2":"","city":"Nashville","state":"TN","postalCode":"37213","coordinates":{"lat":36.171421,"lng":-86.770258}},{"address1":"919 Windsor Avenue","address2":"","city":"Annapolis","state":"MD","postalCode":"21403","coordinates":{"lat":38.968518,"lng":-76.4905689}},{"address1":"921 Woodmont Boulevard","address2":"","city":"Nashville","state":"TN","postalCode":"37204","coordinates":{"lat":36.110197,"lng":-86.784391}},{"address1":"109 Cambridge Station Road","address2":"","city":"Louisville","state":"KY","postalCode":"40223","coordinates":{"lat":38.244527,"lng":-85.56912799999999}},{"address1":"7400 West Arrowhead Clubhouse Drive","address2":"#1043","city":"Glendale","state":"AZ","postalCode":"85308","coordinates":{"lat":33.66589,"lng":-112.217955}},{"address1":"11160 Vosikof Place","address2":"","city":"Anchorage","state":"AK","postalCode":"99507","coordinates":{"lat":61.11972100000001,"lng":-149.726504}},{"address1":"46710 Crawford Street","address2":"#APT 32","city":"Fremont","state":"CA","postalCode":"94539","coordinates":{"lat":37.4924962,"lng":-121.9246934}},{"address1":"12300 Apache Avenue","address2":"#107","city":"Savannah","state":"GA","postalCode":"31419","coordinates":{"lat":31.976364,"lng":-81.16868699999999}},{"address1":"400 D Street","address2":"#STE 1B","city":"Anchorage","state":"AK","postalCode":"99501","coordinates":{"lat":61.2182493,"lng":-149.8894168}},{"address1":"6391 West 60th Avenue","address2":"#210","city":"Arvada","state":"CO","postalCode":"80003","coordinates":{"lat":39.8060295,"lng":-105.0667699}},{"address1":"6000 Parker Drive","address2":"","city":"Deale","state":"MD","postalCode":"20751","coordinates":{"lat":38.780208,"lng":-76.539991}},{"address1":"5708 West Union Hills Drive","address2":"","city":"Glendale","state":"AZ","postalCode":"85308","coordinates":{"lat":33.655011,"lng":-112.1833113}},{"address1":"402 Carlton Place","address2":"","city":"Goodlettsville","state":"TN","postalCode":"37072","coordinates":{"lat":36.337076,"lng":-86.726753}},{"address1":"5110 East Shoshone Avenue","address2":"","city":"Orange","state":"CA","postalCode":"92867","coordinates":{"lat":33.814782,"lng":-117.798075}},{"address1":"7725 Ney Avenue","address2":"","city":"Oakland","state":"CA","postalCode":"94605","coordinates":{"lat":37.767338,"lng":-122.167775}},{"address1":"3377 Sandstone Court","address2":"","city":"Pleasanton","state":"CA","postalCode":"94588","coordinates":{"lat":37.680463,"lng":-121.860128}},{"address1":"2835 Jed Road","address2":"","city":"Escondido","state":"CA","postalCode":"92027","coordinates":{"lat":33.140046,"lng":-117.032721}},{"address1":"2455 Manchester Drive","address2":"","city":"The Village","state":"OK","postalCode":"73120","coordinates":{"lat":35.576392,"lng":-97.55644629999999}},{"address1":"305 Becket Avenue","address2":"","city":"Louisville","state":"KY","postalCode":"40118","coordinates":{"lat":38.1105293,"lng":-85.76877340000001}},{"address1":"461 Alder Street","address2":"","city":"Eureka","state":"CA","postalCode":"95503","coordinates":{"lat":40.76621,"lng":-124.164174}},{"address1":"9176 Ellis Way","address2":"","city":"Arvada","state":"CO","postalCode":"80005","coordinates":{"lat":39.8624095,"lng":-105.1574648}},{"address1":"1930 Churchview Court","address2":"","city":"Millersville","state":"MD","postalCode":"21108","coordinates":{"lat":39.0455029,"lng":-76.654788}},{"address1":"10151 West 64th Avenue","address2":"","city":"Arvada","state":"CO","postalCode":"80004","coordinates":{"lat":39.813372,"lng":-105.111394}},{"address1":"Cato Road","address2":"","city":"Nashville","state":"TN","postalCode":"37218","coordinates":{"lat":36.2193041,"lng":-86.8741757}},{"address1":"1254 Muldoon Road","address2":"","city":"Anchorage","state":"AK","postalCode":"99504","coordinates":{"lat":61.2099918,"lng":-149.7342058}},{"address1":"3701 Lake Towne Drive","address2":"","city":"Nashville","state":"TN","postalCode":"37013","coordinates":{"lat":36.068871,"lng":-86.612042}},{"address1":"1267 Martin Street","address2":"#203","city":"Nashville","state":"TN","postalCode":"37203","coordinates":{"lat":36.1404897,"lng":-86.7695179}},{"address1":"3402 Prestwood Drive","address2":"#5","city":"Louisville","state":"KY","postalCode":"40219","coordinates":{"lat":38.162681,"lng":-85.699162}},{"address1":"9730 West 81st Avenue","address2":"","city":"Arvada","state":"CO","postalCode":"80005","coordinates":{"lat":39.8438501,"lng":-105.1058431}},{"address1":"1220 Crow Berry Circle","address2":"","city":"Anchorage","state":"AK","postalCode":"99515","coordinates":{"lat":61.127501,"lng":-149.859694}},{"address1":"1011 Devon Drive","address2":"","city":"Hayward","state":"CA","postalCode":"94542","coordinates":{"lat":37.65444100000001,"lng":-122.067741}},{"address1":"706 Seagrove Road","address2":"","city":"Glen Burnie","state":"MD","postalCode":"21060","coordinates":{"lat":39.163384,"lng":-76.609205}},{"address1":"120 Wells Avenue","address2":"","city":"Glen Burnie","state":"MD","postalCode":"21061","coordinates":{"lat":39.180259,"lng":-76.63452}},{"address1":"2203 7th Street Road","address2":"","city":"Louisville","state":"KY","postalCode":"40208","coordinates":{"lat":38.218107,"lng":-85.779006}},{"address1":"280 Blue Moon Crossing","address2":"#604","city":"Pooler","state":"GA","postalCode":"31322","coordinates":{"lat":32.0825847,"lng":-81.2864257}},{"address1":"119 Antioch Pike","address2":"","city":"Nashville","state":"TN","postalCode":"37211","coordinates":{"lat":36.10072,"lng":-86.72331}},{"address1":"7187 Holland Court","address2":"","city":"Arvada","state":"CO","postalCode":"80005","coordinates":{"lat":39.8271442,"lng":-105.1034456}},{"address1":"6630 MacArthur Boulevard","address2":"#19","city":"Oakland","state":"CA","postalCode":"94605","coordinates":{"lat":37.7724559,"lng":-122.1773575}},{"address1":"5628 West Tonopah Drive","address2":"","city":"Glendale","state":"AZ","postalCode":"85308","coordinates":{"lat":33.6710947,"lng":-112.1810955}},{"address1":"316 Sourwood Court","address2":"R","city":"Millersville","state":"MD","postalCode":"21108","coordinates":{"lat":39.100198,"lng":-76.606707}},{"address1":"4725 Royal Oak Drive","address2":"","city":"Oklahoma City","state":"OK","postalCode":"73135","coordinates":{"lat":35.417909,"lng":-97.448348}},{"address1":"219 Shana Road","address2":"","city":"Glen Burnie","state":"MD","postalCode":"21060","coordinates":{"lat":39.1528017,"lng":-76.60245239999999}},{"address1":"501 Running Creek Place","address2":"","city":"Louisville","state":"KY","postalCode":"40243","coordinates":{"lat":38.234585,"lng":-85.536647}},{"address1":"6730 North 59th Drive","address2":"#4","city":"Glendale","state":"AZ","postalCode":"85301","coordinates":{"lat":33.5360084,"lng":-112.1882161}},{"address1":"8752 Pierce Way","address2":"#127","city":"Arvada","state":"CO","postalCode":"80003","coordinates":{"lat":39.855201,"lng":-105.0707645}},{"address1":"6420 Via Baron","address2":"","city":"Rancho Palos Verdes","state":"CA","postalCode":"90275","coordinates":{"lat":33.741162,"lng":-118.390767}},{"address1":"2237 Northwest 18th Street","address2":"","city":"Oklahoma City","state":"OK","postalCode":"73107","coordinates":{"lat":35.4882133,"lng":-97.5513414}},{"address1":"7404 West Crest Lane","address2":"","city":"Glendale","state":"AZ","postalCode":"85310","coordinates":{"lat":33.6851098,"lng":-112.2167229}},{"address1":"302 Elberta Street","address2":"","city":"Nashville","state":"TN","postalCode":"37210","coordinates":{"lat":36.119165,"lng":-86.745851}},{"address1":"7609 Doris Place","address2":"","city":"Oklahoma City","state":"OK","postalCode":"73162","coordinates":{"lat":35.5759649,"lng":-97.64877299999999}},{"address1":"826 South Hancock Street","address2":"","city":"Louisville","state":"KY","postalCode":"40203","coordinates":{"lat":38.2408519,"lng":-85.744652}},{"address1":"5205 West Thunderbird Road","address2":"#1042","city":"Glendale","state":"AZ","postalCode":"85306","coordinates":{"lat":33.6095902,"lng":-112.1737799}},{"address1":"3526 Sutton Loop","address2":"","city":"Fremont","state":"CA","postalCode":"94536","coordinates":{"lat":37.5583435,"lng":-121.9995133}},{"address1":"5224 Wasena Avenue","address2":"","city":"Baltimore","state":"MD","postalCode":"21225","coordinates":{"lat":39.223779,"lng":-76.60339499999999}},{"address1":"2316 Northwest 113th Street","address2":"","city":"Oklahoma City","state":"OK","postalCode":"73120","coordinates":{"lat":35.585194,"lng":-97.555205}},{"address1":"8040 Cranberry Street","address2":"","city":"Anchorage","state":"AK","postalCode":"99502","coordinates":{"lat":61.147552,"lng":-149.937499}},{"address1":"6143 Prosperity Drive","address2":"#APT 000001","city":"Anchorage","state":"AK","postalCode":"99504","coordinates":{"lat":61.19966700000001,"lng":-149.765295}}],"attribution":["City of Haddam (CT)","Ciy of Hartford (CT)","City of Lyme (CT)","City of Manchester (CT)","City of Watertown (CT)","City of Avon (CT)","Town of Fairfield (CT)","City of Groton (CT)","Office of Geographic Information (MassGIS), Commonwealth of Massachusetts, MassIT (MA)","VT Enhanced 911 Board, VCGI (VT)","City of Huntsville (AL)","City of Montgomery (AL)","Shelby County (AL)","Talladega County (AL)","City of Fayetteville (AR)","Arkansas Geographic Information Office (AR)","City of Washington (DC)","Bay County (FL)","Brevard County (FL)","Charlotte County (FL)","Citrus County (FL)","Clay County (FL)","Highlands County, FL (FL)","Hillsborough County (FL)","City of Savannah (GA)","Gordon County (GA)","Muscogee County (GA)","Sumter County (GA)","Metro Louisville,  LOJIC partners (KY)","Anne Arundel County (MD)","City of Baltimore (MD)","Frederick County (MD)","Oklahoma and Logan Counties - Association of Central Oklahoma Governments (OK)","Kern, Cleveland, Canadian, Logan Counties (OK)","City of Nashville (TN)","Cooke,Fannin,Grayson Counties - Texoma Council of Governments (TX)","Municipality of Anchorage (AK)","Copyright © 2015 Kenai Peninsula Borough (AK)","Matanuska-Susitna Borough (AK)","City of Glendale (AZ)","City of Mesa (AZ)","Alameda County (CA)","Amador County (CA)","City of Berkeley (CA)","Butte County (CA)","City of Bakersfield (CA)","City of Carson (CA)","City of Cupertino (CA)","City of Hayward and Fairview. Licensed for Public Use (CA)","City of Mountain View (CA)","City of Orange (CA)","Contra Costa County (CA)","El Dorando County (CA)","Fresno County (CA)","Humboldt County (CA)","Kern County (CA)","Kings County (CA)","Lake County (CA)","Lassen County (CA)","Los Angeles County (CA)","Madera County (CA)","Marin County (CA)","Merced County (CA)","Mono County (CA)","Monterey County (CA)","Napa County (CA)","County of Nevada, California (CA)","Orange County (CA)","City of Palo Alto (CA)","County of Placer (CA)","Secramento County (CA)","San Bernardino County (CA)","San Diego Geographic Information Source - JPA (CA)","San Joaquin County (CA)","San Luis Obispo County (CA)","San Mateo County (CA)","Santa Barbara County (CA)","Santa Clara County (CA)","Santa Cruz County (CA)","Shasta County (CA)","Solano County (CA)","Sonoma County (CA)","Stanislaus County (CA)","Tuolumne County (CA)","Yolo County (CA)","Yuba County (CA)","Arapahoe County (CO)","Archuleta County (CO)","City of Arvada (CO)","City of Aurora (CO)","City of Boulder (CO)","City of Fort Collins (CO)","City of Greeley (CO)","City of Loveland (CO)","City of Westminster (CO)","Gilpin County (CO)","Gunnison County (CO)","Jefferson County (CO)","Larimer County (CO)","Mesa County (CO)","Pitkin County (CO)","Pubelo County (CO)","San Miguel County (CO)","City of Honolulu (HI)"]}
